{"010100": {"BEDS Code": "010100", "School District": "ALBANY", "County": "Albany", "Region": "Capital District", "Regional Sales Taxable Purchases": 19233326.281, "Regional Personal Income": 59364422, "Regional Income Subject to Sales Tax": 0.32398742602092545, "Regional Average Sales Tax Rate": 0.07651262706148441, "Construction Spending": 1000000, "Direct Employment Estimate": 5.45252580591926, "Indirect Employment Estimate": 1.5508972441903968, "Capital Direct Avg Salary": 58728.67560552076, "Capital Indirect Avg Salary": 60686.2092413757, "Direct Payroll Estimate": 320219.61928656284, "Indirect Payroll Estimate": 94118.07467281136, "Direct Income Tax Rate": 0.049035958096786326, "Direct Income Tax Estimate": 15702.275833104766, "Direct Sales Tax Estimate": 7937.96548276719, "Indirect Income Tax Rate": 0.050737352910362625, "Indirect Income Tax Estimate": 4775.301969918292, "Indirect Sales Tax Estimate": 2333.1051036841695, "Total Employment Estimate": 7.003423050109657, "Total Payroll Estimate": 414337.6939593742, "Total Income Tax Estimate": 20477.577803023058, "Total Sales Tax Estimate": 10271.07058645136, "Direct Employment Multiplier": 5.45252580591926, "Indirect Employment Multiplier": 1.5508972441903968, "Induced Employment Multiplier": 2.32371486705436, "Direct Income Multiplier": 0.32021961928656284, "Indirect Income Multiplier": 0.09411807467281136, "Induced Income Multiplier": 0.10619137415447875}, "010201": {"BEDS Code": "010201", "School District": "BERNE KNOX", "County": "Albany", "Region": "Capital District", "Regional Sales Taxable Purchases": 19233326.281, "Regional Personal Income": 59364422, "Regional Income Subject to Sales Tax": 0.32398742602092545, "Regional Average Sales Tax Rate": 0.07651262706148441, "Construction Spending": 1000000, "Direct Employment Estimate": 5.45252580591926, "Indirect Employment Estimate": 1.5508972441903968, "Capital Direct Avg Salary": 58728.67560552076, "Capital Indirect Avg Salary": 60686.2092413757, "Direct Payroll Estimate": 320219.61928656284, "Indirect Payroll Estimate": 94118.07467281136, "Direct Income Tax Rate": 0.049035958096786326, "Direct Income Tax Estimate": 15702.275833104766, "Direct Sales Tax Estimate": 7937.96548276719, "Indirect Income Tax Rate": 0.050737352910362625, "Indirect Income Tax Estimate": 4775.301969918292, "Indirect Sales Tax Estimate": 2333.1051036841695, "Total Employment Estimate": 7.003423050109657, "Total Payroll Estimate": 414337.6939593742, "Total Income Tax Estimate": 20477.577803023058, "Total Sales Tax Estimate": 10271.07058645136, "Direct Employment Multiplier": 5.45252580591926, "Indirect Employment Multiplier": 1.5508972441903968, "Induced Employment Multiplier": 2.32371486705436, "Direct Income Multiplier": 0.32021961928656284, "Indirect Income Multiplier": 0.09411807467281136, "Induced Income Multiplier": 0.10619137415447875}, "010306": {"BEDS Code": "010306", "School District": "BETHLEHEM", "County": "Albany", "Region": "Capital District", "Regional Sales Taxable Purchases": 19233326.281, "Regional Personal Income": 59364422, "Regional Income Subject to Sales Tax": 0.32398742602092545, "Regional Average Sales Tax Rate": 0.07651262706148441, "Construction Spending": 1000000, "Direct Employment Estimate": 5.45252580591926, "Indirect Employment Estimate": 1.5508972441903968, "Capital Direct Avg Salary": 58728.67560552076, "Capital Indirect Avg Salary": 60686.2092413757, "Direct Payroll Estimate": 320219.61928656284, "Indirect Payroll Estimate": 94118.07467281136, "Direct Income Tax Rate": 0.049035958096786326, "Direct Income Tax Estimate": 15702.275833104766, "Direct Sales Tax Estimate": 7937.96548276719, "Indirect Income Tax Rate": 0.050737352910362625, "Indirect Income Tax Estimate": 4775.301969918292, "Indirect Sales Tax Estimate": 2333.1051036841695, "Total Employment Estimate": 7.003423050109657, "Total Payroll Estimate": 414337.6939593742, "Total Income Tax Estimate": 20477.577803023058, "Total Sales Tax Estimate": 10271.07058645136, "Direct Employment Multiplier": 5.45252580591926, "Indirect Employment Multiplier": 1.5508972441903968, "Induced Employment Multiplier": 2.32371486705436, "Direct Income Multiplier": 0.32021961928656284, "Indirect Income Multiplier": 0.09411807467281136, "Induced Income Multiplier": 0.10619137415447875}}